Arts & Entertainment-Books & Literature,4310
Arts & Entertainment-Celebrity Fan/Gossip,4554
Arts & Entertainment-Fine Art,1802
Arts & Entertainment-Humor,572
Arts & Entertainment-Movies-Captain America,3592
Arts & Entertainment-Movies-50 Shades of Grey,1404
Arts & Entertainment-Movies-Independence Day,3703
Arts & Entertainment-Movies-Psycho,1665
Arts & Entertainment-Movies,2607
Arts & Entertainment-Music-Aerosmith,3144
Arts & Entertainment-Music-Queen,2005
Arts & Entertainment-Music-Pink Floyd,3673
Arts & Entertainment-Music-Led Zeppelin,2155
Arts & Entertainment-Music,661
Arts & Entertainment-Television-Family Guy,1338
Arts & Entertainment-Television-How I Met Your Mother,1694
Arts & Entertainment-Television-Mr Robot,4783
Arts & Entertainment-Television,3617
Arts & Entertainment,4878
Automotive-4 Wheel Drive/SUVs-Jeep Cherokee,1232
Automotive-4 Wheel Drive/SUVs-Cadillac Escalade,4041
Automotive-4 Wheel Drive/SUVs-Toyota 4Runner,4092
Automotive-4 Wheel Drive/SUVs,4392
Automotive-Auto Parts,1958
Automotive-Auto Repair,544
Automotive-Buying/Selling Cars,4357
Automotive-Car Culture,4955
Automotive-Convertible,1481
Automotive-Coupe,951
Automotive-Crossover,1488
Automotive-Diesel,4969
Automotive-Electric Vehicles,4905
Automotive-Hatchback,2256
Automotive-Hybrid-Hyundai Sonata,3331
Automotive-Hybrid-Honda Accord,2045
Automotive-Hybrid-Toyota Prius,1039
Automotive-Hybrid,2235
Automotive-Luxury-Lexus,1320
Automotive-Luxury-BMW,4383
Automotive-Luxury-Infinity,4137
Automotive-Luxury-Mercedes,3038
Automotive-Luxury,4903
Automotive-MiniVan,853
Automotive-Motorcycles,4859
Automotive-Off Road Vehicles,2792
Automotive-Pickup,2068
Automotive-Road Side Assistance,2244
Automotive-Sedan,882
Automotive-Performance Vehicles,4942
Automotive-Trucks & Accessories,2165
Automotive,2837
Business-Advertising,2158
Business-Agriculture,2627
Business-Biotech/Biomedical,1887
Business-Business Software,1007
Business-Construction,2835
Business-E Commerce,4336
Business-Entrepreneurs,1175
Business-Financial Services,4862
Business-Forestry,364
Business-Government,3409
Business-Graphic Design,2087
Business-Green Solutions,2276
Business-Human Resources,2472
Business-Logistics,1110
Business-Management,2433
Business-Marketing,2545
Business-Metals,3546
Business-Non Profit Organizations,538
Business-Power Industry,2851
Business-Public Services,3480
Business-Purchasing,573
Business-Retail Industry,4735
Business-SOHO,2488
Business-Telecom,925
Business,3405
Careers-Career Advice,865
Careers-Career Planning,2673
Careers-College,326
Careers-Financial Aid,502
Careers-Job Fairs,2384
Careers-Job Search,856
Careers-Nursing,4735
Careers-Resume Writing/Advice,3603
Careers-Scholarships,2016
Careers-Telecommuting,1206
Careers-U.S. Military,1497
Careers,2155
Education-7 to 12 Educators,1543
Education-Adult Education,2803
Education-Art History,1038
Education-College Admissions,3173
Education-College Life,3890
Education-Distance Learning,1722
Education-English as a 2nd Language,3227
Education-Graduate School,3588
Education-Homeschooling,2997
Education-Homework/Study Tips,822
Education-K6 Educators,2771
Education-Language Learning,2901
Education-Private School,2755
Education-Special Education,2774
Education-Studying Business,1252
Education,4795
Family & Parenting-Adoption,2926
Family & Parenting-Babies & Toddlers,252
Family & Parenting-Daycare/Pre School,2622
Family & Parenting-Eldercare,1716
Family & Parenting-Family Internet,4955
Family & Parenting-Parenting K6 Kids,320
Family & Parenting-Parenting Teens,3952
Family & Parenting-Pregnancy,2791
Family & Parenting-Special Needs Kids,1047
Family & Parenting,1900
Food & Drink-American Cuisine,2265
Food & Drink-Barbecues & Grilling,4225
Food & Drink-Cajun/Creole,1129
Food & Drink-Chinese Cuisine,4866
Food & Drink-Cocktails/Beer,4740
Food & Drink-Coffee/Tea,4001
Food & Drink-Cuisine specific,4027
Food & Drink-Desserts & Baking,550
Food & Drink-Food Allergies,3842
Food & Drink-Food Issues,2673
Food & Drink-French Cuisine,3607
Food & Drink-Health/LowFat Cooking,4720
Food & Drink-Italian Cuisine,3185
Food & Drink-Japanese Cuisine,4544
Food & Drink-Mexican Cuisine,1034
Food & Drink-Vegan,3544
Food & Drink-Vegetarian,2251
Food & Drink-Wine,3180
Food & Drink,4177
Health & Fitness-Allergies,4739
Health & Fitness-Alternative Medicine,2402
Health & Fitness-Cholesterol,1192
Health & Fitness-Cold & Flu,3730
Health & Fitness-Dental Care,2889
Health & Fitness-Exercise,2772
Health & Fitness-Herbs for Health,1946
Health & Fitness-Holistic Healing,886
Health & Fitness-Men's Health,4620
Health & Fitness-Nutrition,2380
Health & Fitness-Physical Therapy,4229
Health & Fitness-Senior Health,2459
Health & Fitness-Sexuality,2946
Health & Fitness-Weight Loss,4261
Health & Fitness-Women's Health,4289
Health & Fitness,3659
Hobbies & Interests-Art/Technology,3671
Hobbies & Interests-Arts & Crafts,1087
Hobbies & Interests-Beadwork,2044
Hobbies & Interests-Birdwatching,1762
Hobbies & Interests-BoardGames/Puzzles,1035
Hobbies & Interests-Candle & Soap Making,2990
Hobbies & Interests-Card Games,1548
Hobbies & Interests-Chess,3718
Hobbies & Interests-Cigars,3858
Hobbies & Interests-Collecting,618
Hobbies & Interests-Comic Books,3076
Hobbies & Interests-Drawing/Sketching,2002
Hobbies & Interests-Freelance Writing,2534
Hobbies & Interests-Genealogy,2716
Hobbies & Interests-Getting Published,2912
Hobbies & Interests-Guitar,1387
Hobbies & Interests-Home Recording,2130
Hobbies & Interests-Inventors & Patents,1846
Hobbies & Interests-Jewelry Making,411
Hobbies & Interests-Magic & Illusion,1271
Hobbies & Interests-Needlework,1088
Hobbies & Interests-Painting,657
Hobbies & Interests-Photography,1489
Hobbies & Interests-Radio,2405
Hobbies & Interests-Roleplaying Games,2916
Hobbies & Interests-SciFi & Fantasy,2344
Hobbies & Interests-Scrapbooking,579
Hobbies & Interests-Screenwriting,1580
Hobbies & Interests-Stamps & Coins,3933
Hobbies & Interests-Video & Computer Games,760
Hobbies & Interests-Woodworking,1533
Hobbies & Interests,2459
Home & Garden-Appliances,2770
Home & Garden-Entertaining,1546
Home & Garden-Environmental Safety,2400
Home & Garden-Gardening,2892
Home & Garden-Home Repair,3855
Home & Garden-Home Theater,4101
Home & Garden-Interior Decorating,2970
Home & Garden-Landscaping,419
Home & Garden-Remodeling & Construction,745
Home & Garden,2795
"Law, Gov't & Politics-Immigration",2030
"Law, Gov't & Politics-Legal Issues",2823
"Law, Gov't & Politics-Politics",3821
"Law, Gov't & Politics-U.S. Government Resources",3484
"Law, Gov't & Politics",1310
News-International News,1814
News-Local News,4773
News-National News,2563
News,4113
Personal Finance-Beginning Investing,4862
Personal Finance-Credit/Debt & Loans,1434
Personal Finance-Financial News,1952
Personal Finance-Financial Planning,2613
Personal Finance-Frugal Living,3161
Personal Finance-Hedge Fund,154
Personal Finance-Insurance,4351
Personal Finance-Investing,1841
Personal Finance-Mutual Funds,3138
Personal Finance-Options,3535
Personal Finance-Retirement Planning,1783
Personal Finance-Stocks,771
Personal Finance-Tax Planning,2777
Personal Finance,1082